<?xml version="1.0" encoding="UTF-8"?>
<type name="PortalRuleItemAncestor" superclass="generated.PortalRuleItem" reviewable="false" debatable="false" unitFieldEdition="true" audienced="false" categoryTab="true" readRightTab="true" updateRightTab="true" templateTab="true" workflowTab="true" advancedTab="true" titleML="true">
  <label xml:lang="fr">PortalRuleItemAncestor</label>
  <title ml="false" searchable="false">
    <label xml:lang="fr">Titre</label>
    <label xml:lang="en">Title</label>
  </title>
  <fields>
    <field type="super" />
    <field name="categoryancestorid" editor="textfield" required="false" compactDisplay="false" type="String" searchable="false" size="80" ml="false" html="false" checkHtml="true">
      <label xml:lang="fr">CategoryAncestorId</label>
    </field>
  </fields>
</type>

