<?xml version="1.0" encoding="UTF-8"?>
<type name="PortalRuleItemPublication" superclass="generated.PortalRuleItem" reviewable="false" debatable="false" unitFieldEdition="true" audienced="false" categoryTab="true" readRightTab="true" updateRightTab="true" templateTab="true" workflowTab="true" advancedTab="true" titleML="true">
  <label xml:lang="fr">PortalRuleItemPublication</label>
  <title ml="false" searchable="false">
    <label xml:lang="fr">Titre</label>
    <label xml:lang="en">Title</label>
  </title>
  <fields>
    <field type="super" />
    <field name="types" editor="textfield" required="false" compactDisplay="false" type="String" searchable="false" size="80" ml="false" html="false" checkHtml="true">
      <label xml:lang="fr">Types</label>
    </field>
    <field name="operation" editor="textfield" required="false" compactDisplay="false" type="String" searchable="false" size="80" ml="false" html="false" checkHtml="true">
      <label xml:lang="fr">Operation</label>
    </field>
    <field name="count" editor="int" required="false" compactDisplay="false" type="int" default="0">
      <label xml:lang="fr">Count</label>
    </field>
    <field name="includechildren" editor="boolean" required="false" compactDisplay="false" type="boolean" default="on">
      <label xml:lang="fr">includeChildren</label>
      <onLabel xml:lang="fr">Oui</onLabel>
      <onLabel xml:lang="en">Yes</onLabel>
      <offLabel xml:lang="fr">Non</offLabel>
      <offLabel xml:lang="en">No</offLabel>
    </field>
  </fields>
</type>

