<?xml version="1.0" encoding="UTF-8"?>
<type name="PortalRule" superclass="generated.PortalRuleItem" reviewable="false" debatable="false" unitFieldEdition="true" audienced="false" categoryTab="true" readRightTab="true" updateRightTab="true" templateTab="true" workflowTab="true" advancedTab="true" titleML="true">
  <label xml:lang="fr">PortalRule</label>
  <title ml="false" searchable="false">
    <label xml:lang="fr">Titre</label>
    <label xml:lang="en">Title</label>
  </title>
  <fields>
    <field name="portalid" editor="textfield" required="false" compactDisplay="false" type="String" searchable="false" size="80" ml="false" html="false" checkHtml="true">
      <label xml:lang="fr">PortalId</label>
    </field>
    <field name="order" editor="int" required="false" compactDisplay="false" type="int" default="0">
      <label xml:lang="fr">Order</label>
    </field>
    <field name="rulesgroup" editor="link" required="false" compactDisplay="false" type="generated.PortalRuleItemsGroup[]" parent="false" ml="false" descriptionType="text" searchable="false" html="false" checkHtml="true">
      <label xml:lang="fr">RulesGroup</label>
    </field>
  </fields>
</type>

