<?xml version="1.0" encoding="UTF-8"?>
<type name="PortalRuleItemScheduled" superclass="generated.PortalRuleItem" reviewable="false" debatable="false" unitFieldEdition="true" audienced="false" categoryTab="true" readRightTab="true" updateRightTab="true" templateTab="true" workflowTab="true" advancedTab="true" titleML="true">
  <label xml:lang="fr">PortalRuleItemScheduled</label>
  <title ml="true">
    <label xml:lang="fr">Titre</label>
    <label xml:lang="en">Title</label>
  </title>
  <fields>
    <field type="super" />
    <field name="datestart" editor="textfield" required="false" compactDisplay="false" type="String" searchable="false" size="80" ml="false" html="false" checkHtml="true">
      <label xml:lang="fr">dateStart</label>
    </field>
    <field name="dateend" editor="textfield" required="false" compactDisplay="false" type="String" searchable="false" size="80" ml="false" html="false" checkHtml="true">
      <label xml:lang="fr">dateEnd</label>
    </field>
    <field name="timestart" editor="textfield" required="false" compactDisplay="false" type="String" searchable="false" size="80" ml="false" html="false" checkHtml="true">
      <label xml:lang="fr">timeStart</label>
    </field>
    <field name="timeend" editor="textfield" required="false" compactDisplay="false" type="String" searchable="false" size="80" ml="false" html="false" checkHtml="true">
      <label xml:lang="fr">timeEnd</label>
    </field>
    <field name="datedatestart" editor="date" required="false" compactDisplay="false" type="java.util.Date" future="true" past="true" dateOnly="false" dateFormat="short">
      <label xml:lang="fr">dateDateStart</label>
    </field>
    <field name="datedateend" editor="date" required="false" compactDisplay="false" type="java.util.Date" future="true" past="true" dateOnly="false" dateFormat="short">
      <label xml:lang="fr">dateDateEnd</label>
    </field>
  </fields>
</type>

