<?xml version="1.0" encoding="UTF-8"?>
<type name="PortalRuleItemsGroup" superclass="generated.PortalRuleItem" reviewable="false" debatable="false" unitFieldEdition="true" audienced="false" categoryTab="true" readRightTab="true" updateRightTab="true" templateTab="true" workflowTab="true" advancedTab="true" titleML="true">
  <label xml:lang="fr">PortalRuleItemsGroup</label>
  <title ml="false" searchable="false">
    <label xml:lang="fr">Titre</label>
    <label xml:lang="en">Title</label>
  </title>
  <fields>
    <field name="rules" editor="link" required="false" compactDisplay="false" type="generated.PortalRuleItem[]" parent="false" ml="false" descriptionType="text" searchable="false" html="false" checkHtml="true">
      <label xml:lang="fr">Rules</label>
    </field>
  </fields>
</type>

