<?xml version="1.0" encoding="UTF-8"?>
<templates version="5.0">
  <template name="default" usage="box" file="doPortalRuleItemsGroupFullDisplay.jsp">
    <label xml:lang="fr">Gabarit par défaut</label>
    <label xml:lang="en">Default template</label>
    <description xml:lang="fr">Le gabarit par défaut pour cette publication</description>
    <description xml:lang="en">The default template for this publication</description>
  </template>
  <template name="default" usage="edit" file="editPortalRuleItemsGroup.jsp">
    <label xml:lang="fr">Gabarit par défaut</label>
    <label xml:lang="en">Default template</label>
    <description xml:lang="fr">Le gabarit par défaut pour cette publication</description>
    <description xml:lang="en">The default template for this publication</description>
  </template>
  <template name="default" usage="full" file="doPortalRuleItemsGroupFullDisplay.jsp">
    <label xml:lang="fr">Gabarit par défaut</label>
    <label xml:lang="en">Default template</label>
    <description xml:lang="fr">Le gabarit par défaut pour cette publication</description>
    <description xml:lang="en">The default template for this publication</description>
  </template>
  <template name="default" usage="query" file="doPortalRuleItemsGroupResultDisplay.jsp">
    <label xml:lang="fr">Gabarit par défaut</label>
    <label xml:lang="en">Default template</label>
    <description xml:lang="fr">Le gabarit par défaut pour cette publication</description>
    <description xml:lang="en">The default template for this publication</description>
  </template>
</templates>

