<?xml version="1.0" encoding="UTF-8"?>
<type name="PortalRuleItemLeaf" superclass="generated.PortalRuleItem" reviewable="false" debatable="false" unitFieldEdition="true" audienced="false" categoryTab="true" readRightTab="true" updateRightTab="true" templateTab="true" workflowTab="true" advancedTab="true" titleML="true">
  <label xml:lang="fr">PortalRuleItemLeaf</label>
  <title ml="true">
    <label xml:lang="fr">Titre</label>
    <label xml:lang="en">Title</label>
  </title>
  <fields>
    <field type="super" />
    <field name="leaf" editor="boolean" required="false" compactDisplay="false" type="boolean" default="on">
      <label xml:lang="fr">leaf</label>
      <onLabel xml:lang="fr">Oui</onLabel>
      <onLabel xml:lang="en">Yes</onLabel>
      <offLabel xml:lang="fr">Non</offLabel>
      <offLabel xml:lang="en">No</offLabel>
    </field>
  </fields>
</type>

